Kommunnamn,Kommunsiffra,Över/Underskott procent,Budget,Invånare,Styre,Kommungrupp,Kommungrupp Indelat,Verksamhetsplan,Digitalisering - ordfrekvens,Effektivitet,Innovation,Externt,Internt,Dokumenttyp,Effektivitet,Innovation,Extern,Intern,X,Y
Ale,1,"−0,4",Under,31 402,Borgerligt,Storstäder och storstadsnära kommuner,1,Verksamhetsplan med budget,3,1,1,1,1,Endast Målsättning,"50,0%","50,0%","50,0%","50,0%","0,0%","0,0%"
Alingsås,2,"1,1",Över,41 420,Borgerligt,Storstäder och storstadsnära kommuner,1,Budget,7,3,4,5,4,Endast Målsättning,"42,9%","57,1%","55,6%","44,4%","14,3%","11,1%"
Alvesta,3,"5,7",Över,20 134,Blocköverskridande,Större städer och kommuner nära större stad,2,Mål och Budget,2,2,2,1,2,Endast Målsättning,"50,0%","50,0%","33,3%","66,7%","0,0%","−33,3%"
Aneby,4,"0,2",Över,6 848,Borgerligt,Större städer och kommuner nära större stad,2,Strategisk plan,5,2,2,2,2,Endast Målsättning,"50,0%","50,0%","50,0%","50,0%","0,0%","0,0%"
Arboga,5,"2,0",Över,14 087,Blocköverskridande,Mindre städer/tätorter och landsbygdskommuner,3,Strategisk och Ekonomisk plan,6,1,0,1,2,Mål OCH resurs,"100,0%","0,0%","33,3%","66,7%","−100,0%","−33,3%"
Arjeplog,6,"−1,1",Under,2 785,Vänster,Mindre städer/tätorter och landsbygdskommuner,3,Verksamhetsplan med budget,5,2,1,2,2,Endast Målsättning,"66,7%","33,3%","50,0%","50,0%","−33,3%","0,0%"
Arvidsjaur,7,"0,3",Över,6 220,Vänster,Mindre städer/tätorter och landsbygdskommuner,3,Mål och Resursplan,8,2,1,3,2,Mål OCH resurs,"66,7%","33,3%","60,0%","40,0%","−33,3%","20,0%"
Arvika,8,"7,7",Över,26 045,Vänster,Mindre städer/tätorter och landsbygdskommuner,3,Verksamhetsplan,4,2,0,0,2,Endast Målsättning,"100,0%","0,0%","0,0%","100,0%","−100,0%","−100,0%"
Askersund,9,"−0,3",Under,11 377,Borgerligt,Större städer och kommuner nära större stad,2,Budget och Mål,5,1,0,1,4,Mål OCH resurs,"100,0%","0,0%","20,0%","80,0%","−100,0%","−60,0%"
Avesta,10,"−0,2",Under,23 178,Vänster,Mindre städer/tätorter och landsbygdskommuner,3,Mål och Budget,3,2,1,0,2,Endast Målsättning,"66,7%","33,3%","0,0%","100,0%","−33,3%","−100,0%"
Bengtsfors,11,"0,1",Över,9 750,Borgerligt,Mindre städer/tätorter och landsbygdskommuner,3,Budget,2,1,0,1,1,Mål OCH resurs,"100,0%","0,0%","50,0%","50,0%","−100,0%","0,0%"
Berg,12,"0,6",Över,7 061,Blocköverskridande,Större städer och kommuner nära större stad,2,Budget,1,1,0,0,1,Endast Målsättning,"100,0%","0,0%","0,0%","100,0%","−100,0%","−100,0%"
Bjurholm,13,"−0,6",Under,2 408,Borgerligt,Större städer och kommuner nära större stad,2,Mål och Budget,0,0,0,0,0,Bortfall 3,,,,,,
Bjuv,14,"−0,1",Under,15 715,Övrigt,Större städer och kommuner nära större stad,2,Budget,3,1,0,0,1,Mål OCH resurs,"100,0%","0,0%","0,0%","100,0%","−100,0%","−100,0%"
Boden,15,"0,0",Över,28 080,Blocköverskridande,Större städer och kommuner nära större stad,2,Mål och Budget,10,5,3,1,7,Endast Målsättning,"62,5%","37,5%","12,5%","87,5%","−25,0%","−75,0%"
Bollebygd,16,"−0,7",Under,9 495,Borgerligt,Storstäder och storstadsnära kommuner,1,Mål och Budget,1,1,0,0,1,Mål OCH resurs,"100,0%","0,0%","0,0%","100,0%","−100,0%","−100,0%"
Bollnäs,17,"3,0",Över,26 888,Blocköverskridande,Mindre städer/tätorter och landsbygdskommuner,3,Årsredovisning,0,0,0,0,0,Bortfall 1 (Ej dokument),,,,,,
Borgholm,18,"−0,1",Under,10 839,Blocköverskridande,Mindre städer/tätorter och landsbygdskommuner,3,Verksamhetsplan,2,1,0,0,1,Mål OCH resurs,"100,0%","0,0%","0,0%","100,0%","−100,0%","−100,0%"
Borlänge,19,"3,1",Över,52 590,Blocköverskridande,Större städer och kommuner nära större stad,2,Stratgisk plan,7,2,2,3,1,Endast Målsättning,"50,0%","50,0%","75,0%","25,0%","0,0%","50,0%"
Borås,20,"0,9",Över,113 179,Blocköverskridande,Större städer och kommuner nära större stad,2,Budget,4,2,0,1,2,Mål OCH resurs,"100,0%","0,0%","33,3%","66,7%","−100,0%","−33,3%"
Botkyrka,21,"2,2",Över,94 606,Blocköverskridande,Storstäder och storstadsnära kommuner,1,Mål och Budget,40,15,1,8,14,Mål OCH resurs,"93,8%","6,3%","36,4%","63,6%","−87,5%","−27,3%"
Boxholm,22,"0,7",Över,5 476,Vänster,Mindre städer/tätorter och landsbygdskommuner,3,Budget,3,2,0,0,3,Endast Målsättning,"100,0%","0,0%","0,0%","100,0%","−100,0%","−100,0%"
Bromölla,23,"0,6",Över,12 870,Övrigt,Mindre städer/tätorter och landsbygdskommuner,3,Budget,1,1,0,2,2,Endast Målsättning,"100,0%","0,0%","50,0%","50,0%","−100,0%","0,0%"
Bräcke,24,"−1,0",Under,6 298,Blocköverskridande,Större städer och kommuner nära större stad,2,Budget,10,8,3,1,13,Mål OCH resurs,"72,7%","27,3%","7,1%","92,9%","−45,5%","−85,7%"
Burlöv,25,"4,3",Över,19 112,Borgerligt,Storstäder och storstadsnära kommuner,1,Budget,10,5,2,6,5,Mål OCH resurs,"71,4%","28,6%","54,5%","45,5%","−42,9%","9,1%"
Båstad,26,"0,1",Över,15 128,Blocköverskridande,Mindre städer/tätorter och landsbygdskommuner,3,Budget,1,0,0,0,0,Enbart allokerade,,,,,,
Dals-Ed,27,"0,0",Över,4 813,Borgerligt,Mindre städer/tätorter och landsbygdskommuner,3,Kommunplan,1,1,0,1,1,Endast Målsättning,"100,0%","0,0%","50,0%","50,0%","−100,0%","0,0%"
Danderyd,28,"0,8",Över,32 857,Borgerligt,Storstäder och storstadsnära kommuner,1,Budget,6,1,1,0,2,Mål OCH resurs,"50,0%","50,0%","0,0%","100,0%","0,0%","−100,0%"
Degerfors,29,"0,1",Över,9 666,Blocköverskridande,Mindre städer/tätorter och landsbygdskommuner,3,Budget,4,2,1,0,4,Endast Målsättning,"66,7%","33,3%","0,0%","100,0%","−33,3%","−100,0%"
Dorotea,30,"0,0",Över,2 551,Blocköverskridande,Mindre städer/tätorter och landsbygdskommuner,3,Verksamhetsmål,0,0,0,0,0,Bortfall 3,,,,,,
Eda,31,"0,1",Över,8 564,Blocköverskridande,Mindre städer/tätorter och landsbygdskommuner,3,Verksamhetsplanering,0,0,0,0,0,Bortfall 3,,,,,,
Ekerö,32,"−0,7",Under,28 690,Borgerligt,Storstäder och storstadsnära kommuner,1,Budget,14,10,1,7,10,Mål OCH resurs,"90,9%","9,1%","41,2%","58,8%","−81,8%","−17,6%"
Eksjö,33,"0,7",Över,17 753,Borgerligt,Mindre städer/tätorter och landsbygdskommuner,3,Budget,26,10,4,9,11,Mål OCH resurs,"71,4%","28,6%","45,0%","55,0%","−42,9%","−10,0%"
Emmaboda,34,"2,3",Över,9 445,Borgerligt,Mindre städer/tätorter och landsbygdskommuner,3,Budget,0,0,0,0,0,Bortfall 3,,,,,,
Enköping,35,"0,1",Över,45 287,Borgerligt,Större städer och kommuner nära större stad,2,Årsplan,0,0,0,0,0,Bortfall 1 (Ej dokument),,,,,,
Eskilstuna,36,"2,9",Över,106 859,Blocköverskridande,Större städer och kommuner nära större stad,2,Årsplan,25,18,7,15,20,Mål OCH resurs,"72,0%","28,0%","42,9%","57,1%","−44,0%","−14,3%"
Eslöv,37,"1,5",Över,33 793,Blocköverskridande,Större städer och kommuner nära större stad,2,Budget,33,29,3,14,28,Mål OCH resurs,"90,6%","9,4%","33,3%","66,7%","−81,3%","−33,3%"
Essunga,38,"0,0",Under,5 654,Borgerligt,Mindre städer/tätorter och landsbygdskommuner,3,Verksamhetsplan med Budget,14,12,0,9,7,Endast Målsättning,"100,0%","0,0%","56,3%","43,8%","−100,0%","12,5%"
Fagersta,39,"7,3",Över,13 391,Blocköverskridande,Mindre städer/tätorter och landsbygdskommuner,3,Budget,0,0,0,0,0,Bortfall 3,,,,,,
Falkenberg,40,"0,9",Över,45 367,Blocköverskridande,Mindre städer/tätorter och landsbygdskommuner,3,Budget,2,1,0,0,1,Mål OCH resurs,"100,0%","0,0%","0,0%","100,0%","−100,0%","−100,0%"
Falköping,41,"−0,2",Under,33 246,Blocköverskridande,Mindre städer/tätorter och landsbygdskommuner,3,Flerårsplan,4,2,0,0,2,Endast Målsättning,"100,0%","0,0%","0,0%","100,0%","−100,0%","−100,0%"
Falun,42,"0,2",Över,59 406,Borgerligt,Mindre städer/tätorter och landsbygdskommuner,3,Årsplan med Budget,0,0,0,0,0,Bortfall 3,,,,,,
Filipstad,43,"1,3",Över,10 644,Vänster,Mindre städer/tätorter och landsbygdskommuner,3,Budget,1,1,0,1,1,Mål OCH resurs,"100,0%","0,0%","50,0%","50,0%","−100,0%","0,0%"
Finspång,44,"0,2",Över,21 912,Blocköverskridande,Större städer och kommuner nära större stad,2,Strategisk Plan,4,1,1,1,1,Mål OCH resurs,"50,0%","50,0%","50,0%","50,0%","0,0%","0,0%"
Flen,45,"0,5",Över,16 585,Vänster,Större städer och kommuner nära större stad,2,Flerårsplan,7,2,2,2,4,Mål OCH resurs,"50,0%","50,0%","33,3%","66,7%","0,0%","−33,3%"
Forshaga,46,"0,2",Över,11 499,Blocköverskridande,Större städer och kommuner nära större stad,2,Budget,7,8,2,0,10,Endast Målsättning,"80,0%","20,0%","0,0%","100,0%","−60,0%","−100,0%"
Färgelanda,47,"0,1",Över,6 637,Borgerligt,Större städer och kommuner nära större stad,2,Mål och Resursplan,1,1,0,0,1,Endast Målsättning,"100,0%","0,0%","0,0%","100,0%","−100,0%","−100,0%"
Gagnef,48,"0,2",Över,10 304,Blocköverskridande,Större städer och kommuner nära större stad,2,Verksamhet och Budget,1,2,0,1,4,Mål OCH resurs,"100,0%","0,0%","20,0%","80,0%","−100,0%","−60,0%"
Gislaved,49,"0,2",Över,29 963,Borgerligt,Mindre städer/tätorter och landsbygdskommuner,3,Planeringsdirektiv,2,1,2,1,3,Mål OCH resurs,"33,3%","66,7%","25,0%","75,0%","33,3%","−50,0%"
Gnesta,50,"3,5",Över,11 365,Blocköverskridande,Större städer och kommuner nära större stad,2,Framtidsplan,1,0,1,1,0,Mål OCH resurs,"0,0%","100,0%","100,0%","0,0%","100,0%","100,0%"
Gnosjö,51,"0,2",Över,9 712,Borgerligt,Mindre städer/tätorter och landsbygdskommuner,3,Kommunplan,0,2,0,0,2,Endast Målsättning,"100,0%","0,0%","0,0%","100,0%","−100,0%","−100,0%"
Grums,53,"−0,5",Under,9 047,Vänster,Större städer och kommuner nära större stad,2,Budget,5,3,0,1,2,Endast Målsättning,"100,0%","0,0%","33,3%","66,7%","−100,0%","−33,3%"
Grästorp,54,"−0,3",Under,5 693,Borgerligt,Större städer och kommuner nära större stad,2,Verksamhetsplan med Budget,14,4,4,4,6,Mål OCH resurs,"50,0%","50,0%","40,0%","60,0%","0,0%","−20,0%"
Gullspång,55,"0,2",Över,5 280,Blocköverskridande,Mindre städer/tätorter och landsbygdskommuner,3,Budget,1,1,1,1,1,Endast Målsättning,"50,0%","50,0%","50,0%","50,0%","0,0%","0,0%"
Gällivare,56,"2,9",Över,17 529,Vänster,Mindre städer/tätorter och landsbygdskommuner,3,Kommunplan,0,0,0,0,0,Bortfall 3,,,,,,
Gävle,57,"1,8",Över,102 418,Blocköverskridande,Större städer och kommuner nära större stad,2,Kommunplan,4,3,1,0,3,Endast Målsättning,"75,0%","25,0%","0,0%","100,0%","−50,0%","−100,0%"
Göteborg,58,"1,3",Över,579 281,Borgerligt,Storstäder och storstadsnära kommuner,1,Budget,22,19,8,14,13,Endast Målsättning,"70,4%","29,6%","51,9%","48,1%","−40,7%","3,7%"
Götene,59,"0,2",Över,13 207,Borgerligt,Mindre städer/tätorter och landsbygdskommuner,3,Budget,9,6,1,2,6,Mål OCH resurs,"85,7%","14,3%","25,0%","75,0%","−71,4%","−50,0%"
Habo,60,"0,1",Över,12 433,Borgerligt,Större städer och kommuner nära större stad,2,Budget,16,6,1,6,7,Mål OCH resurs,"85,7%","14,3%","46,2%","53,8%","−71,4%","−7,7%"
Hagfors,61,"−0,8",Under,11 606,Övrigt,Mindre städer/tätorter och landsbygdskommuner,3,Budget,3,1,0,0,1,Mål OCH resurs,"100,0%","0,0%","0,0%","100,0%","−100,0%","−100,0%"
Hallsberg,62,"−0,3",Under,15 932,Vänster,Större städer och kommuner nära större stad,2,Mål och Budget,6,1,2,0,4,Endast Målsättning,"33,3%","66,7%","0,0%","100,0%","33,3%","−100,0%"
Hallstahammar,63,"8,5",Över,16 346,Blocköverskridande,Större städer och kommuner nära större stad,2,Mål och Budget,10,2,0,0,2,Mål OCH resurs,"100,0%","0,0%","0,0%","100,0%","−100,0%","−100,0%"
Halmstad,64,"5,0",Över,102 767,Borgerligt,Större städer och kommuner nära större stad,2,Planeringsdirektiv,12,3,5,3,4,Mål OCH resurs,"37,5%","62,5%","42,9%","57,1%","25,0%","−14,3%"
Hammarö,65,"−0,5",Under,16 568,Borgerligt,Större städer och kommuner nära större stad,2,Budget,19,4,2,2,5,Mål OCH resurs,"66,7%","33,3%","28,6%","71,4%","−33,3%","−42,9%"
Haninge,66,"0,0",Över,92 095,Blocköverskridande,Storstäder och storstadsnära kommuner,1,Mål och Budget,13,4,5,3,8,Endast Målsättning,"44,4%","55,6%","27,3%","72,7%","11,1%","−45,5%"
Haparanda,67,"0,2",Över,9 685,Borgerligt,Mindre städer/tätorter och landsbygdskommuner,3,Budget och Strategiplan,3,2,0,0,2,Endast Målsättning,"100,0%","0,0%","0,0%","100,0%","−100,0%","−100,0%"
Heby,68,"1,2",Över,14 047,Blocköverskridande,Större städer och kommuner nära större stad,2,Mål och Budget,18,7,1,3,10,Mål OCH resurs,"87,5%","12,5%","23,1%","76,9%","−75,0%","−53,8%"
Hedemora,69,"1,0",Över,15 491,Blocköverskridande,Mindre städer/tätorter och landsbygdskommuner,3,Mål och Budget,2,2,0,0,2,Mål OCH resurs,"100,0%","0,0%","0,0%","100,0%","−100,0%","−100,0%"
Helsingborg,70,"0,4",Över,147 734,Borgerligt,Större städer och kommuner nära större stad,2,Plan för mål och ekonomi,5,3,2,5,3,Mål OCH resurs,"60,0%","40,0%","62,5%","37,5%","−20,0%","25,0%"
Herrljunga,71,"0,2",Över,9 464,Borgerligt,Större städer och kommuner nära större stad,2,Budget och Verksamhetsplan,14,7,3,2,9,Mål OCH resurs,"70,0%","30,0%","18,2%","81,8%","−40,0%","−63,6%"
Hjo,72,"−0,1",Under,9 210,Borgerligt,Mindre städer/tätorter och landsbygdskommuner,3,Budget och Verksamhetsplan,2,0,0,0,0,Enbart allokerade,,,,,,
Hofors,73,"2,9",Över,9 588,Blocköverskridande,Större städer och kommuner nära större stad,2,Budget,0,0,0,0,0,Bortfall 3,,,,,,
Huddinge,74,"0,5",Över,112 848,Borgerligt,Storstäder och storstadsnära kommuner,1,Mål och Budget,16,7,0,2,6,Mål OCH resurs,"100,0%","0,0%","25,0%","75,0%","−100,0%","−50,0%"
Hudiksvall,75,"2,8",Över,37 607,Blocköverskridande,Mindre städer/tätorter och landsbygdskommuner,3,Budget,5,3,2,3,4,Mål OCH resurs,"60,0%","40,0%","42,9%","57,1%","−20,0%","−14,3%"
Hultsfred,76,"2,9",Över,14 224,Borgerligt,Mindre städer/tätorter och landsbygdskommuner,3,Mål och Budget,4,1,1,1,1,Mål OCH resurs,"50,0%","50,0%","50,0%","50,0%","0,0%","0,0%"
Hylte,77,"0,0",Över,10 815,Blocköverskridande,Större städer och kommuner nära större stad,2,Resultat och Ekonomisk Plan,4,2,0,0,2,Endast Målsättning,"100,0%","0,0%","0,0%","100,0%","−100,0%","−100,0%"
Håbo,78,"−0,6",Under,21 934,Borgerligt,Storstäder och storstadsnära kommuner,1,Budget,8,0,0,0,0,Enbart allokerade,,,,,,
Hällefors,79,"−0,4",Under,7 013,Vänster,Mindre städer/tätorter och landsbygdskommuner,3,Strategisk Planering,0,0,0,0,0,Bortfall 3,,,,,,
Härjedalen,80,"−2,1",Under,10 090,Blocköverskridande,Mindre städer/tätorter och landsbygdskommuner,3,Mål och Budget,1,0,0,0,1,Endast Målsättning,"0,0%","0,0%","0,0%","100,0%","0,0%","−100,0%"
Härnösand,81,"0,2",Över,25 183,Blocköverskridande,Mindre städer/tätorter och landsbygdskommuner,3,Årsplan,3,3,0,0,3,Mål OCH resurs,"100,0%","0,0%","0,0%","100,0%","−100,0%","−100,0%"
Härryda,82,"−0,4",Under,37 977,Borgerligt,Storstäder och storstadsnära kommuner,1,Verksamhetsplan,19,7,7,7,14,Mål OCH resurs,"50,0%","50,0%","33,3%","66,7%","0,0%","−33,3%"
Hässleholm,83,"6,2",Över,52 145,Borgerligt,Mindre städer/tätorter och landsbygdskommuner,3,Strategisk Plan,0,0,0,0,0,Bortfall 3,,,,,,
Höganäs,84,"0,4",Över,26 942,Borgerligt,Större städer och kommuner nära större stad,2,Budget,11,10,8,8,18,Endast Målsättning,"55,6%","44,4%","30,8%","69,2%","−11,1%","−38,5%"
Högsby,85,"4,6",Över,5 921,Borgerligt,Mindre städer/tätorter och landsbygdskommuner,3,Budget,1,1,0,0,2,Endast Målsättning,"100,0%","0,0%","0,0%","100,0%","−100,0%","−100,0%"
Hörby,86,"1,1",Över,15 631,Övrigt,Större städer och kommuner nära större stad,2,Budget,3,3,1,1,3,Mål OCH resurs,"75,0%","25,0%","25,0%","75,0%","−50,0%","−50,0%"
Höör,87,"1,7",Över,16 713,Borgerligt,Större städer och kommuner nära större stad,2,Budget,2,1,1,0,3,Endast Målsättning,"50,0%","50,0%","0,0%","100,0%","0,0%","−100,0%"
Jokkmokk,88,"0,3",Över,4 923,Vänster,Mindre städer/tätorter och landsbygdskommuner,3,Budget,0,0,0,0,0,Bortfall 3,,,,,,
Järfälla,89,"−0,7",Under,79 990,Borgerligt,Storstäder och storstadsnära kommuner,1,Mål och Budget,2,2,2,2,3,Mål OCH resurs,"50,0%","50,0%","40,0%","60,0%","0,0%","−20,0%"
Jönköping,90,"0,7",Över,141 081,Blocköverskridande,Större städer och kommuner nära större stad,2,Verksamhets- och Investeriengsplan,33,19,1,10,18,Mål OCH resurs,"95,0%","5,0%","35,7%","64,3%","−90,0%","−28,6%"
Kalix,91,"0,5",Över,15 886,Vänster,Mindre städer/tätorter och landsbygdskommuner,3,Budget,4,1,0,0,1,Mål OCH resurs,"100,0%","0,0%","0,0%","100,0%","−100,0%","−100,0%"
Kalmar,92,"2,6",Över,69 467,Blocköverskridande,Mindre städer/tätorter och landsbygdskommuner,3,Verksamhetsplan med Budget,18,10,0,4,11,Mål OCH resurs,"100,0%","0,0%","26,7%","73,3%","−100,0%","−46,7%"
Karlsborg,93,"0,3",Över,6 940,Borgerligt,Mindre städer/tätorter och landsbygdskommuner,3,Budget och Verksamhetsplan,11,9,2,8,8,Endast Målsättning,"81,8%","18,2%","50,0%","50,0%","−63,6%","0,0%"
Karlshamn,94,"0,5",Över,32 473,Blocköverskridande,Mindre städer/tätorter och landsbygdskommuner,3,Mål och Budget,3,0,1,2,1,Endast Målsättning,"0,0%","100,0%","66,7%","33,3%","100,0%","33,3%"
Karlskoga,95,"0,0",Under,30 381,Borgerligt,Mindre städer/tätorter och landsbygdskommuner,3,Mål och Budget,0,0,0,0,0,Bortfall 3,,,,,,
Karlskrona,96,"0,6",Över,66 622,Blocköverskridande,Mindre städer/tätorter och landsbygdskommuner,3,Budget,6,2,4,6,4,Endast Målsättning,"33,3%","66,7%","60,0%","40,0%","33,3%","20,0%"
Karlstad,97,"0,4",Över,93 898,Borgerligt,Större städer och kommuner nära större stad,2,Strategisk Plan,1,1,1,1,0,Endast Målsättning,"50,0%","50,0%","100,0%","0,0%","0,0%","100,0%"
Katrineholm,98,"1,3",Över,34 755,Blocköverskridande,Mindre städer/tätorter och landsbygdskommuner,3,Övergripande plan,14,11,0,7,11,Mål OCH resurs,"100,0%","0,0%","38,9%","61,1%","−100,0%","−22,2%"
Kil,99,"−0,1",Under,12 087,Blocköverskridande,Större städer och kommuner nära större stad,2,Strategisk plan,4,3,0,1,3,Mål OCH resurs,"100,0%","0,0%","25,0%","75,0%","−100,0%","−50,0%"
Kinda,100,"−0,1",Under,9 940,Blocköverskridande,Större städer och kommuner nära större stad,2,Budget,2,2,0,0,2,Endast Målsättning,"100,0%","0,0%","0,0%","100,0%","−100,0%","−100,0%"
Kiruna,101,"−0,1",Under,22 867,Borgerligt,Mindre städer/tätorter och landsbygdskommuner,3,Budgetdirektiv,3,2,0,1,2,Endast Målsättning,"100,0%","0,0%","33,3%","66,7%","−100,0%","−33,3%"
Klippan,102,"0,1",Över,17 756,Blocköverskridande,Större städer och kommuner nära större stad,2,Budget,13,5,2,2,5,Endast Målsättning,"71,4%","28,6%","28,6%","71,4%","−42,9%","−42,9%"
Knivsta,103,"1,0",Över,18 835,Blocköverskridande,Större städer och kommuner nära större stad,2,Mål och Budget,8,3,0,1,3,Mål OCH resurs,"100,0%","0,0%","25,0%","75,0%","−100,0%","−50,0%"
Kramfors,104,"0,0",Över,18 282,Vänster,Mindre städer/tätorter och landsbygdskommuner,3,Mål och Resursplan,4,1,0,1,1,Mål OCH resurs,"100,0%","0,0%","50,0%","50,0%","−100,0%","0,0%"
Kristianstad,105,"1,3",Över,85 747,Borgerligt,Mindre städer/tätorter och landsbygdskommuner,3,Budget,1,1,0,0,1,Mål OCH resurs,"100,0%","0,0%","0,0%","100,0%","−100,0%","−100,0%"
Kristinehamn,106,"−0,2",Under,24 255,Borgerligt,Större städer och kommuner nära större stad,2,Budget,3,3,1,2,4,Endast Målsättning,"75,0%","25,0%","33,3%","66,7%","−50,0%","−33,3%"
Krokom,107,"0,0",Under,14 966,Borgerligt,Större städer och kommuner nära större stad,2,Budget,1,2,0,1,1,Endast Målsättning,"100,0%","0,0%","50,0%","50,0%","−100,0%","0,0%"
Kumla,108,"1,4",Över,21 738,Blocköverskridande,Större städer och kommuner nära större stad,2,Budget,15,24,1,17,20,Endast Målsättning,"96,0%","4,0%","45,9%","54,1%","−92,0%","−8,1%"
Kungsbacka,109,"−0,1",Under,84 395,Borgerligt,Storstäder och storstadsnära kommuner,1,Budget,5,2,0,0,2,Mål OCH resurs,"100,0%","0,0%","0,0%","100,0%","−100,0%","−100,0%"
Kungsör,110,"4,9",Över,8 675,Blocköverskridande,Mindre städer/tätorter och landsbygdskommuner,3,Årsplan,5,2,0,0,2,Endast Målsättning,"100,0%","0,0%","0,0%","100,0%","−100,0%","−100,0%"
Kungälv,111,"−0,3",Under,46 336,Blocköverskridande,Storstäder och storstadsnära kommuner,1,Verksamhetsplan,17,6,5,4,11,Mål OCH resurs,"54,5%","45,5%","26,7%","73,3%","−9,1%","−46,7%"
Kävlinge,112,"5,2",Över,31 705,Borgerligt,Storstäder och storstadsnära kommuner,1,Budget,4,2,0,2,2,Mål OCH resurs,"100,0%","0,0%","50,0%","50,0%","−100,0%","0,0%"
Köping,113,"2,0",Över,26 214,Blocköverskridande,Större städer och kommuner nära större stad,2,Mål och Budget,0,0,0,0,0,Bortfall 3,,,,,,
Laholm,114,"1,4",Över,25 903,Borgerligt,Större städer och kommuner nära större stad,2,Kommunplan m Budget,10,1,0,1,1,Mål OCH resurs,"100,0%","0,0%","50,0%","50,0%","−100,0%","0,0%"
Landskrona,115,"4,6",Över,46 090,Borgerligt,Större städer och kommuner nära större stad,2,Fullmäktige plan,6,0,0,0,0,Enbart allokerade,,,,,,
Laxå,116,"1,1",Över,5 683,Borgerligt,Större städer och kommuner nära större stad,2,Budget o Verksamhetsplan,0,0,0,0,0,Bortfall 3,,,,,,
Lekeberg,117,"0,2",Över,8 234,Blocköverskridande,Större städer och kommuner nära större stad,2,Budget och ekonomisk plan,0,0,0,0,0,Bortfall 1 (Ej dokument),,,,,,
Leksand,118,"0,3",Över,15 807,Borgerligt,Mindre städer/tätorter och landsbygdskommuner,3,Mål och Budget,1,1,1,1,1,Endast Målsättning,"50,0%","50,0%","50,0%","50,0%","0,0%","0,0%"
Lerum,119,"0,7",Över,42 568,Borgerligt,Storstäder och storstadsnära kommuner,1,Verksamhetsplan,9,2,0,2,2,Mål OCH resurs,"100,0%","0,0%","50,0%","50,0%","−100,0%","0,0%"
Lessebo,120,"3,9",Över,8 733,Vänster,Större städer och kommuner nära större stad,2,Budget och Verksamhetsplan,1,2,0,2,0,Endast Målsättning,"100,0%","0,0%","100,0%","0,0%","−100,0%","100,0%"
Lidingö,121,"4,7",Över,48 123,Borgerligt,Storstäder och storstadsnära kommuner,1,Budget med Verksamhetsplan,2,2,0,1,2,Endast Målsättning,"100,0%","0,0%","33,3%","66,7%","−100,0%","−33,3%"
Lidköping,122,"19,5",Över,40 089,Blocköverskridande,Mindre städer/tätorter och landsbygdskommuner,3,Strategisk Plan,3,3,0,0,3,Mål OCH resurs,"100,0%","0,0%","0,0%","100,0%","−100,0%","−100,0%"
Lilla Edet,123,"−0,1",Under,14 109,Borgerligt,Storstäder och storstadsnära kommuner,1,Mål och Resursplan,6,1,0,0,1,Mål OCH resurs,"100,0%","0,0%","0,0%","100,0%","−100,0%","−100,0%"
Lindesberg,124,"0,3",Över,23 588,Blocköverskridande,Större städer och kommuner nära större stad,2,Mål och Budget,2,1,0,0,1,Endast Målsättning,"100,0%","0,0%","0,0%","100,0%","−100,0%","−100,0%"
Linköping,125,"4,5",Över,163 051,Borgerligt,Större städer och kommuner nära större stad,2,Budget,18,13,2,5,11,Mål OCH resurs,"86,7%","13,3%","31,3%","68,8%","−73,3%","−37,5%"
Ljungby,126,"6,8",Över,28 521,Borgerligt,Mindre städer/tätorter och landsbygdskommuner,3,Budget,6,3,2,3,5,Mål OCH resurs,"60,0%","40,0%","37,5%","62,5%","−20,0%","−25,0%"
Ljusdal,127,"0,7",Över,18 949,Blocköverskridande,Mindre städer/tätorter och landsbygdskommuner,3,Budget,0,0,0,0,0,Bortfall 3,,,,,,
Ljusnarsberg,128,"0,3",Över,4 771,Blocköverskridande,Mindre städer/tätorter och landsbygdskommuner,3,Budget,2,0,0,0,0,Enbart allokerade,,,,,,
Lomma,129,"2,9",Över,24 834,Borgerligt,Storstäder och storstadsnära kommuner,1,Budget,26,9,1,5,10,Mål OCH resurs,"90,0%","10,0%","33,3%","66,7%","−80,0%","−33,3%"
Ludvika,130,"11,9",Över,26 898,Blocköverskridande,Mindre städer/tätorter och landsbygdskommuner,3,Budget,0,0,0,0,0,Bortfall 3,,,,,,
Luleå,131,"2,2",Över,78 105,Vänster,Större städer och kommuner nära större stad,2,Strategisk Plan,5,4,0,4,3,Endast Målsättning,"100,0%","0,0%","57,1%","42,9%","−100,0%","14,3%"
Lund,132,"1,8",Över,124 935,Borgerligt,Större städer och kommuner nära större stad,2,Ekonomi och Verksamhetsplan,39,14,7,5,15,Endast Målsättning,"66,7%","33,3%","25,0%","75,0%","−33,3%","−50,0%"
Lycksele,133,"1,0",Över,12 245,Borgerligt,Mindre städer/tätorter och landsbygdskommuner,3,Lokal utvecklingsstategi,1,3,4,4,6,Endast Målsättning,"42,9%","57,1%","40,0%","60,0%","14,3%","−20,0%"
Lysekil,134,"0,7",Över,14 555,Blocköverskridande,Större städer och kommuner nära större stad,2,Budget,0,0,0,0,0,Bortfall 3,,,,,,
Malmö,135,"0,6",Över,344 166,Blocköverskridande,Storstäder och storstadsnära kommuner,1,Budget,2,5,3,3,5,Endast Målsättning,"62,5%","37,5%","37,5%","62,5%","−25,0%","−25,0%"
Malung-Sälen,136,"1,8",Över,10 138,Blocköverskridande,Mindre städer/tätorter och landsbygdskommuner,3,Verksamhetsplan och Budget,0,0,0,0,0,Bortfall 3,,,,,,
Malå,137,"0,1",Över,3 068,Vänster,Mindre städer/tätorter och landsbygdskommuner,3,Lokal utvecklingsstategi,1,4,3,5,4,Endast Målsättning,"57,1%","42,9%","55,6%","44,4%","−14,3%","11,1%"
Mariestad,138,"−0,1",Under,24 537,Borgerligt,Mindre städer/tätorter och landsbygdskommuner,3,Mål och Budget,0,0,0,0,0,Bortfall 3,,,,,,
Markaryd,140,"6,4",Över,10 320,Borgerligt,Mindre städer/tätorter och landsbygdskommuner,3,Budget,12,4,1,1,6,Mål OCH resurs,"80,0%","20,0%","14,3%","85,7%","−60,0%","−71,4%"
Marks,139,"0,5",Över,34 754,Blocköverskridande,Större städer och kommuner nära större stad,2,Mål och Budget,4,0,0,0,0,Bortfall 4,,,,,,
Mellerud,141,"−0,4",Under,9 310,Borgerligt,Mindre städer/tätorter och landsbygdskommuner,3,Budget,0,0,0,0,0,Bortfall 3,,,,,,
Mjölby,142,"0,2",Över,27 758,Blocköverskridande,Större städer och kommuner nära större stad,2,Mål och Budget,10,6,1,4,5,Mål OCH resurs,"85,7%","14,3%","44,4%","55,6%","−71,4%","−11,1%"
Mora,143,"0,8",Över,20 470,Borgerligt,Mindre städer/tätorter och landsbygdskommuner,3,Kommunplan med Budget,31,16,9,10,19,Mål OCH resurs,"64,0%","36,0%","34,5%","65,5%","−28,0%","−31,0%"
Motala,144,"−0,1",Under,43 673,Borgerligt,Större städer och kommuner nära större stad,2,Budget,16,6,2,3,8,Mål OCH resurs,"75,0%","25,0%","27,3%","72,7%","−50,0%","−45,5%"
Mullsjö,145,"−0,3",Under,7 290,Blocköverskridande,Större städer och kommuner nära större stad,2,Budget,0,0,0,0,0,Bortfall 3,,,,,,
Munkedal,146,"−0,2",Under,10 513,Borgerligt,Mindre städer/tätorter och landsbygdskommuner,3,Mål och Resursplan,4,3,0,0,3,Mål OCH resurs,"100,0%","0,0%","0,0%","100,0%","−100,0%","−100,0%"
Munkfors,147,"0,4",Över,3 740,Vänster,Större städer och kommuner nära större stad,2,Budget,3,2,0,0,2,Endast Målsättning,"100,0%","0,0%","0,0%","100,0%","−100,0%","−100,0%"
Mölndal,148,"0,7",Över,69 364,Borgerligt,Storstäder och storstadsnära kommuner,1,Budget/Plan,51,7,1,2,7,Mål OCH resurs,"87,5%","12,5%","22,2%","77,8%","−75,0%","−55,6%"
Mönsterås,149,"3,7",Över,13 430,Borgerligt,Mindre städer/tätorter och landsbygdskommuner,3,Budget,1,0,0,0,0,Bortfall 4,,,,,,
Mörbylånga,150,"0,9",Över,15 249,Blocköverskridande,Mindre städer/tätorter och landsbygdskommuner,3,Verksamhetsplan med Budget,8,3,0,2,3,Mål OCH resurs,"100,0%","0,0%","40,0%","60,0%","−100,0%","−20,0%"
Nacka,151,"−0,3",Under,105 189,Borgerligt,Storstäder och storstadsnära kommuner,1,Mål och Budget,30,11,11,12,10,Mål OCH resurs,"50,0%","50,0%","54,5%","45,5%","0,0%","9,1%"
Nora,152,"0,2",Över,10 726,Blocköverskridande,Större städer och kommuner nära större stad,2,Budget,3,0,1,2,1,Endast Målsättning,"0,0%","100,0%","66,7%","33,3%","100,0%","33,3%"
Norberg,153,"−0,5",Under,5 690,Vänster,Mindre städer/tätorter och landsbygdskommuner,3,Budget,1,1,0,0,1,Mål OCH resurs,"100,0%","0,0%","0,0%","100,0%","−100,0%","−100,0%"
Nordanstig,154,"0,8",Över,9 477,Blocköverskridande,Mindre städer/tätorter och landsbygdskommuner,3,Mål och Budget,2,0,0,0,0,Bortfall 4,,,,,,
Nordmaling,155,"−0,1",Under,7 143,Borgerligt,Större städer och kommuner nära större stad,2,Verksamhetsplan,18,11,4,5,12,Endast Målsättning,"73,3%","26,7%","29,4%","70,6%","−46,7%","−41,2%"
Norrköping,156,"2,6",Över,143 171,Blocköverskridande,Större städer och kommuner nära större stad,2,Budget,32,7,8,7,13,Mål OCH resurs,"46,7%","53,3%","35,0%","65,0%","6,7%","−30,0%"
Norrtälje,157,"0,0",Över,62 622,Borgerligt,Mindre städer/tätorter och landsbygdskommuner,3,Mål och Budget,31,11,9,11,10,Mål OCH resurs,"55,0%","45,0%","52,4%","47,6%","−10,0%","4,8%"
Norsjö,158,"−4,0",Under,3 986,Vänster,Mindre städer/tätorter och landsbygdskommuner,3,Årsredovisning,0,0,0,0,0,Bortfall 1 (Ej dokument),,,,,,
Nybro,159,"2,9",Över,20 318,Borgerligt,Mindre städer/tätorter och landsbygdskommuner,3,Kommunplan,5,2,0,0,2,Mål OCH resurs,"100,0%","0,0%","0,0%","100,0%","−100,0%","−100,0%"
Nykvarn,160,"1,6",Över,11 014,Borgerligt,Större städer och kommuner nära större stad,2,Mål och Budget,3,2,0,2,1,Mål OCH resurs,"100,0%","0,0%","66,7%","33,3%","−100,0%","33,3%"
Nyköping,161,"0,5",Över,56 591,Blocköverskridande,Mindre städer/tätorter och landsbygdskommuner,3,Budget och Årsredovisning,4,3,0,0,3,Endast Målsättning,"100,0%","0,0%","0,0%","100,0%","−100,0%","−100,0%"
Nynäshamn,162,"0,0",Över,28 575,Borgerligt,Storstäder och storstadsnära kommuner,1,Mål och Budget,9,6,0,4,3,Endast Målsättning,"100,0%","0,0%","57,1%","42,9%","−100,0%","14,3%"
Nässjö,163,"1,6",Över,31 538,Blocköverskridande,Större städer och kommuner nära större stad,2,Budget,35,19,7,17,18,Mål OCH resurs,"73,1%","26,9%","48,6%","51,4%","−46,2%","−2,9%"
Ockelbo,164,"−0,1",Under,5 908,Blocköverskridande,Större städer och kommuner nära större stad,2,Budget,2,4,2,2,4,Endast Målsättning,"66,7%","33,3%","33,3%","66,7%","−33,3%","−33,3%"
Olofström,165,"1,1",Över,13 426,Blocköverskridande,Mindre städer/tätorter och landsbygdskommuner,3,Budget,5,5,1,2,5,Endast Målsättning,"83,3%","16,7%","28,6%","71,4%","−66,7%","−42,9%"
Orsa,166,"0,2",Över,6 911,Borgerligt,Mindre städer/tätorter och landsbygdskommuner,3,Årsredovisning,0,0,0,0,0,Bortfall 1 (Ej dokument),,,,,,
Orust,167,"−0,6",Under,15 218,Blocköverskridande,Mindre städer/tätorter och landsbygdskommuner,3,Budget,12,3,1,0,3,Endast Målsättning,"75,0%","25,0%","0,0%","100,0%","−50,0%","−100,0%"
Osby,168,"1,1",Över,13 208,Borgerligt,Mindre städer/tätorter och landsbygdskommuner,3,Budget,2,1,0,1,1,Mål OCH resurs,"100,0%","0,0%","50,0%","50,0%","−100,0%","0,0%"
Oskarshamn,169,"11,6",Över,27 102,Blocköverskridande,Mindre städer/tätorter och landsbygdskommuner,3,Årsbudget,8,6,1,1,7,Mål OCH resurs,"85,7%","14,3%","12,5%","87,5%","−71,4%","−75,0%"
Ovanåker,170,"1,0",Över,11 670,Blocköverskridande,Mindre städer/tätorter och landsbygdskommuner,3,Budget och Verksamhetsplan,6,4,1,1,5,Endast Målsättning,"80,0%","20,0%","16,7%","83,3%","−60,0%","−66,7%"
Oxelösund,171,"0,7",Över,11 983,Vänster,Mindre städer/tätorter och landsbygdskommuner,3,Mål och Budget,3,0,0,0,0,Enbart allokerade,,,,,,
Pajala,172,"0,6",Över,6 052,Blocköverskridande,Mindre städer/tätorter och landsbygdskommuner,3,Strategisk Plan,5,1,0,0,1,Mål OCH resurs,"100,0%","0,0%","0,0%","100,0%","−100,0%","−100,0%"
Partille,173,"2,3",Över,39 289,Borgerligt,Storstäder och storstadsnära kommuner,1,Budget,3,0,0,0,0,Enbart allokerade,,,,,,
Perstorp,174,"0,7",Över,7 492,Borgerligt,Större städer och kommuner nära större stad,2,Budget och Verksamhetsplanering,6,5,0,3,4,Endast Målsättning,"100,0%","0,0%","42,9%","57,1%","−100,0%","−14,3%"
Piteå,175,"1,3",Över,42 281,Vänster,Mindre städer/tätorter och landsbygdskommuner,3,Verksamhetsplan och Årsbudget,11,9,3,4,10,Mål OCH resurs,"75,0%","25,0%","28,6%","71,4%","−50,0%","−42,9%"
Ragunda,176,"−0,2",Under,5 284,Borgerligt,Mindre städer/tätorter och landsbygdskommuner,3,Budget,1,1,0,1,1,Endast Målsättning,"100,0%","0,0%","50,0%","50,0%","−100,0%","0,0%"
Region Gotland,52,"0,3",Över,59 686,Borgerligt,Mindre städer/tätorter och landsbygdskommuner,3,Strategisk Plan med Budget,7,2,0,0,2,Mål OCH resurs,"100,0%","0,0%","0,0%","100,0%","−100,0%","−100,0%"
Robertsfors,177,"0,0",Över,6 747,Vänster,Större städer och kommuner nära större stad,2,Plan och Budget,1,0,1,2,1,Endast Målsättning,"0,0%","100,0%","66,7%","33,3%","100,0%","33,3%"
Ronneby,178,"0,4",Över,29 633,Borgerligt,Mindre städer/tätorter och landsbygdskommuner,3,Budget,5,2,0,1,2,Mål OCH resurs,"100,0%","0,0%","33,3%","66,7%","−100,0%","−33,3%"
Rättvik,179,"0,7",Över,10 950,Borgerligt,Mindre städer/tätorter och landsbygdskommuner,3,Mål och Budget,2,3,0,2,2,Endast Målsättning,"100,0%","0,0%","50,0%","50,0%","−100,0%","0,0%"
Sala,180,"0,0",Under,22 894,Borgerligt,Större städer och kommuner nära större stad,2,Budget,2,1,0,0,1,Endast Målsättning,"100,0%","0,0%","0,0%","100,0%","−100,0%","−100,0%"
Salem,181,"0,3",Över,16 750,Borgerligt,Storstäder och storstadsnära kommuner,1,Budget och Ekonomisk plan,15,5,1,2,5,Endast Målsättning,"83,3%","16,7%","28,6%","71,4%","−66,7%","−42,9%"
Sandviken,182,"0,5",Över,39 234,Blocköverskridande,Större städer och kommuner nära större stad,2,Budget,13,8,2,3,9,Endast Målsättning,"80,0%","20,0%","25,0%","75,0%","−60,0%","−50,0%"
Sigtuna,183,"0,0",Under,48 964,Borgerligt,Storstäder och storstadsnära kommuner,1,Mål och Budget,4,4,1,3,3,Mål OCH resurs,"80,0%","20,0%","50,0%","50,0%","−60,0%","0,0%"
Simrishamn,184,"2,7",Över,19 174,Borgerligt,Mindre städer/tätorter och landsbygdskommuner,3,Budget,9,14,2,5,12,Mål OCH resurs,"87,5%","12,5%","29,4%","70,6%","−75,0%","−41,2%"
Sjöbo,185,"2,2",Över,19 226,Borgerligt,Större städer och kommuner nära större stad,2,Budget,8,6,2,3,7,Endast Målsättning,"75,0%","25,0%","30,0%","70,0%","−50,0%","−40,0%"
Skara,186,"0,4",Över,18 837,Borgerligt,Mindre städer/tätorter och landsbygdskommuner,3,Budget,3,5,2,2,5,Mål OCH resurs,"71,4%","28,6%","28,6%","71,4%","−42,9%","−42,9%"
Skellefteå,187,"2,2",Över,72 589,Vänster,Mindre städer/tätorter och landsbygdskommuner,3,Budget och Plan,2,0,0,0,0,Enbart allokerade,,,,,,
Skinnskatteberg,188,"1,6",Över,4 393,Vänster,Mindre städer/tätorter och landsbygdskommuner,3,Budget,2,2,1,1,1,Endast Målsättning,"66,7%","33,3%","50,0%","50,0%","−33,3%","0,0%"
Skurup,189,"0,5",Över,15 889,Borgerligt,Storstäder och storstadsnära kommuner,1,Budget,8,3,3,1,5,Mål OCH resurs,"50,0%","50,0%","16,7%","83,3%","0,0%","−66,7%"
Skövde,190,"0,6",Över,56 366,Borgerligt,Mindre städer/tätorter och landsbygdskommuner,3,Strategisk Plan med Budget,4,4,1,1,3,Endast Målsättning,"80,0%","20,0%","25,0%","75,0%","−60,0%","−50,0%"
Smedjebacken,191,"−0,2",Under,10 894,Vänster,Mindre städer/tätorter och landsbygdskommuner,3,Budget,1,2,1,0,2,Endast Målsättning,"66,7%","33,3%","0,0%","100,0%","−33,3%","−100,0%"
Sollefteå,192,"0,3",Över,19 140,Blocköverskridande,Mindre städer/tätorter och landsbygdskommuner,3,Övergripande Verksamhetsplan ,4,3,0,1,2,Endast Målsättning,"100,0%","0,0%","33,3%","66,7%","−100,0%","−33,3%"
Sollentuna,193,"0,7",Över,73 857,Borgerligt,Storstäder och storstadsnära kommuner,1,Mål och Budget,2,3,0,2,1,Mål OCH resurs,"100,0%","0,0%","66,7%","33,3%","−100,0%","33,3%"
Solna,194,"11,6",Över,82 429,Borgerligt,Storstäder och storstadsnära kommuner,1,Verksamhetsplan och budget,8,7,0,3,6,Mål OCH resurs,"100,0%","0,0%","33,3%","66,7%","−100,0%","−33,3%"
Sorsele,195,"−0,4",Under,2 489,Blocköverskridande,Mindre städer/tätorter och landsbygdskommuner,3,Sammanställd Budget,0,0,0,0,0,Bortfall 3,,,,,,
Sotenäs,196,"0,6",Över,9 061,Borgerligt,Mindre städer/tätorter och landsbygdskommuner,3,Mål och resursplan,3,3,0,0,3,Endast Målsättning,"100,0%","0,0%","0,0%","100,0%","−100,0%","−100,0%"
Staffanstorp,197,"3,8",Över,25 396,Övrigt,Storstäder och storstadsnära kommuner,1,Kommunfullmäktiges mål,2,2,0,1,2,Endast Målsättning,"100,0%","0,0%","33,3%","66,7%","−100,0%","−33,3%"
Stenungsund,198,"−0,2",Under,26 777,Blocköverskridande,Storstäder och storstadsnära kommuner,1,Strategisk plan och Budget,8,7,0,2,7,Mål OCH resurs,"100,0%","0,0%","22,2%","77,8%","−100,0%","−55,6%"
Stockholm,199,"3,3",Över,974 073,Borgerligt,Storstäder och storstadsnära kommuner,1,Budget,63,56,29,48,50,Mål OCH resurs,"65,9%","34,1%","49,0%","51,0%","−31,8%","−2,0%"
Storfors,200,"0,3",Över,4 014,Vänster,Mindre städer/tätorter och landsbygdskommuner,3,Årsredovisning,0,0,0,0,0,Bortfall 1 (Ej dokument),,,,,,
Storuman,201,"0,0",Över,5 852,Borgerligt,Mindre städer/tätorter och landsbygdskommuner,3,Strategisk plan ,1,2,0,1,1,Endast Målsättning,"100,0%","0,0%","50,0%","50,0%","−100,0%","0,0%"
Strängnäs,202,"0,4",Över,36 544,Blocköverskridande,Större städer och kommuner nära större stad,2,Flerårsplan ,20,9,5,4,10,Mål OCH resurs,"64,3%","35,7%","28,6%","71,4%","−28,6%","−42,9%"
Strömstad,203,"2,6",Över,13 218,Blocköverskridande,Mindre städer/tätorter och landsbygdskommuner,3,Mål och Budget,11,14,0,8,13,Mål OCH resurs,"100,0%","0,0%","38,1%","61,9%","−100,0%","−23,8%"
Strömsund,204,"1,2",Över,11 605,Vänster,Mindre städer/tätorter och landsbygdskommuner,3,Politiska prioriteringar och budgetram,9,6,0,1,6,Mål OCH resurs,"100,0%","0,0%","14,3%","85,7%","−100,0%","−71,4%"
Sundbyberg,205,"8,1",Över,52 414,Blocköverskridande,Storstäder och storstadsnära kommuner,1,Budget,6,4,0,1,4,Endast Målsättning,"100,0%","0,0%","20,0%","80,0%","−100,0%","−60,0%"
Sundsvall,206,"−0,1",Under,99 449,Blocköverskridande,Större städer och kommuner nära större stad,2,Mål- och resursplan,9,5,5,5,4,Endast Målsättning,"50,0%","50,0%","55,6%","44,4%","0,0%","11,1%"
Sunne,207,"0,1",Över,13 306,Blocköverskridande,Mindre städer/tätorter och landsbygdskommuner,3,Budget och flerårsplan,0,0,0,0,0,Bortfall 3,,,,,,
Surahammar,208,"−0,2",Under,10 106,Blocköverskridande,Större städer och kommuner nära större stad,2,Strategisk och ekonomisk plan,5,3,0,0,3,Endast Målsättning,"100,0%","0,0%","0,0%","100,0%","−100,0%","−100,0%"
Svalöv,209,"3,1",Över,14 268,Övrigt,Större städer och kommuner nära större stad,2,Mål och Budget,4,1,0,1,1,Mål OCH resurs,"100,0%","0,0%","50,0%","50,0%","−100,0%","0,0%"
Svedala,210,"3,3",Över,22 229,Borgerligt,Storstäder och storstadsnära kommuner,1,Budgetskrivelse för Budget med flerårsplan,13,9,3,3,8,Mål OCH resurs,"75,0%","25,0%","27,3%","72,7%","−50,0%","−45,5%"
Svenljunga,211,"0,3",Över,10 780,Blocköverskridande,Större städer och kommuner nära större stad,2,Verksamhetsplan,4,5,0,2,5,Mål OCH resurs,"100,0%","0,0%","28,6%","71,4%","−100,0%","−42,9%"
Säffle,212,"3,4",Över,15 455,Borgerligt,Större städer och kommuner nära större stad,2,Fullmäktigemål och Budget,12,8,0,3,7,Endast Målsättning,"100,0%","0,0%","30,0%","70,0%","−100,0%","−40,0%"
Säter,213,"1,2",Över,11 093,Blocköverskridande,Större städer och kommuner nära större stad,2,Budget,1,0,0,0,0,Bortfall 4,,,,,,
Sävsjö,214,"0,8",Över,11 677,Blocköverskridande,Mindre städer/tätorter och landsbygdskommuner,3,Verksamhetsplan,23,9,0,4,9,Endast Målsättning,"100,0%","0,0%","30,8%","69,2%","−100,0%","−38,5%"
Söderhamn,215,"0,7",Över,25 643,Borgerligt,Mindre städer/tätorter och landsbygdskommuner,3,Mål- och resursplan,4,1,0,1,1,Mål OCH resurs,"100,0%","0,0%","50,0%","50,0%","−100,0%","0,0%"
Söderköping,216,"−0,3",Under,14 626,Borgerligt,Större städer och kommuner nära större stad,2,Strategisk Plan,2,2,2,3,3,Endast Målsättning,"50,0%","50,0%","50,0%","50,0%","0,0%","0,0%"
Södertälje,217,"0,8",Över,98 979,Blocköverskridande,Större städer och kommuner nära större stad,2,Mål och Budget,1,2,0,2,0,Endast Målsättning,"100,0%","0,0%","100,0%","0,0%","−100,0%","100,0%"
Sölvesborg,218,"0,7",Över,17 452,Övrigt,Mindre städer/tätorter och landsbygdskommuner,3,Budget,12,10,1,4,10,Mål OCH resurs,"90,9%","9,1%","28,6%","71,4%","−81,8%","−42,9%"
Tanum,219,"−0,9",Under,12 841,Borgerligt,Mindre städer/tätorter och landsbygdskommuner,3,Budget,4,2,0,0,2,Endast Målsättning,"100,0%","0,0%","0,0%","100,0%","−100,0%","−100,0%"
Tibro,220,"2,8",Över,11 240,Blocköverskridande,Mindre städer/tätorter och landsbygdskommuner,3,Budget,7,4,0,2,4,Endast Målsättning,"100,0%","0,0%","33,3%","66,7%","−100,0%","−33,3%"
Tidaholm,221,"−0,1",Under,12 846,Vänster,Mindre städer/tätorter och landsbygdskommuner,3,Strategisk plan och budget,1,1,1,1,1,Endast Målsättning,"50,0%","50,0%","50,0%","50,0%","0,0%","0,0%"
Tierp,222,"0,3",Över,21 136,Borgerligt,Större städer och kommuner nära större stad,2,Verksamhetsplan och budget (Plan för Tierps ekonomi och verksamhet),37,9,1,8,9,Mål OCH resurs,"90,0%","10,0%","47,1%","52,9%","−80,0%","−5,9%"
Timrå,223,"0,1",Över,17 979,Vänster,Större städer och kommuner nära större stad,2,Verksamhetsplan och budget,3,5,2,4,4,Mål OCH resurs,"71,4%","28,6%","50,0%","50,0%","−42,9%","0,0%"
Tingsryd,224,"0,3",Över,12 393,Blocköverskridande,Större städer och kommuner nära större stad,2,Budget med flerårsplan,4,2,0,0,2,Mål OCH resurs,"100,0%","0,0%","0,0%","100,0%","−100,0%","−100,0%"
Tjörn,225,"0,1",Över,16 016,Borgerligt,Mindre städer/tätorter och landsbygdskommuner,3,Budget,8,5,0,3,5,Endast Målsättning,"100,0%","0,0%","37,5%","62,5%","−100,0%","−25,0%"
Tomelilla,226,"1,7",Över,13 617,Borgerligt,Mindre städer/tätorter och landsbygdskommuner,3,Budget,10,11,0,6,11,Mål OCH resurs,"100,0%","0,0%","35,3%","64,7%","−100,0%","−29,4%"
Torsby,227,"−0,2",Under,11 616,Blocköverskridande,Mindre städer/tätorter och landsbygdskommuner,3,Vision och Mål,0,0,0,0,0,Bortfall 3,,,,,,
Torsås,228,"2,6",Över,7 125,Blocköverskridande,Mindre städer/tätorter och landsbygdskommuner,3,Årsplan och Budget,0,0,0,0,0,Bortfall 3,,,,,,
Tranemo,229,"−0,1",Under,11 936,Blocköverskridande,Större städer och kommuner nära större stad,2,Budget,0,0,0,0,0,Bortfall 3,,,,,,
Tranås,230,"2,2",Över,19 003,Borgerligt,Större städer och kommuner nära större stad,2,Mål och Budget,19,7,1,2,8,Mål OCH resurs,"87,5%","12,5%","20,0%","80,0%","−75,0%","−60,0%"
Trelleborg,231,"0,3",Över,45 440,Borgerligt,Storstäder och storstadsnära kommuner,1,Budget,1,0,0,0,0,Enbart allokerade,,,,,,
Trollhättan,232,"2,4",Över,59 058,Vänster,Större städer och kommuner nära större stad,2,Mål och resursplan,2,1,0,1,1,Mål OCH resurs,"100,0%","0,0%","50,0%","50,0%","−100,0%","0,0%"
Trosa,233,"0,4",Över,13 747,Borgerligt,Större städer och kommuner nära större stad,2,Budget,11,8,0,4,8,Mål OCH resurs,"100,0%","0,0%","33,3%","66,7%","−100,0%","−33,3%"
Tyresö,234,"0,0",Under,48 333,Blocköverskridande,Storstäder och storstadsnära kommuner,1,Kommunplan ,8,4,0,1,4,Mål OCH resurs,"100,0%","0,0%","20,0%","80,0%","−100,0%","−60,0%"
Täby,235,"2,3",Över,71 874,Borgerligt,Storstäder och storstadsnära kommuner,1,Verksamhetsplan,25,10,4,9,11,Endast Målsättning,"71,4%","28,6%","45,0%","55,0%","−42,9%","−10,0%"
Töreboda,236,"0,9",Över,9 293,Borgerligt,Mindre städer/tätorter och landsbygdskommuner,3,Budget,1,0,0,0,0,Bortfall 4,,,,,,
Uddevalla,237,"0,5",Över,56 703,Borgerligt,Större städer och kommuner nära större stad,2,Flerårsplan ,8,4,0,1,4,Mål OCH resurs,"100,0%","0,0%","20,0%","80,0%","−100,0%","−60,0%"
Ulricehamn,238,"1,6",Över,24 668,Borgerligt,Större städer och kommuner nära större stad,2,Budget och Ekonomisk plan,14,4,0,1,4,Endast Målsättning,"100,0%","0,0%","20,0%","80,0%","−100,0%","−60,0%"
Umeå,239,"0,9",Över,128 901,Vänster,Större städer och kommuner nära större stad,2,"Planeringsförutsättning, Budget och investeringar",2,3,0,1,3,Mål OCH resurs,"100,0%","0,0%","25,0%","75,0%","−100,0%","−50,0%"
Upplands Väsby,240,"0,1",Över,46 786,Borgerligt,Storstäder och storstadsnära kommuner,1,Flerårsplan med Budget,17,4,2,2,4,Endast Målsättning,"66,7%","33,3%","33,3%","66,7%","−33,3%","−33,3%"
Upplands-Bro,241,"0,2",Över,29 346,Borgerligt,Storstäder och storstadsnära kommuner,1,Övergripande Mål och Budget,5,2,1,2,2,Mål OCH resurs,"66,7%","33,3%","50,0%","50,0%","−33,3%","0,0%"
Uppsala,242,"1,6",Över,230 767,Blocköverskridande,Större städer och kommuner nära större stad,2,Mål  och Budget,7,1,0,0,1,Mål OCH resurs,"100,0%","0,0%","0,0%","100,0%","−100,0%","−100,0%"
Uppvidinge,243,"−0,2",Under,9 588,Blocköverskridande,Större städer och kommuner nära större stad,2,Budget och Verksamhetsplan,10,5,0,2,5,Mål OCH resurs,"100,0%","0,0%","28,6%","71,4%","−100,0%","−42,9%"
Vadstena,244,"0,0",Över,7 428,Blocköverskridande,Mindre städer/tätorter och landsbygdskommuner,3,Mål och resursplan,0,0,0,0,0,Bortfall 3,,,,,,
Vaggeryd,245,"0,4",Över,14 275,Borgerligt,Större städer och kommuner nära större stad,2,Strategisk plan och Budget,3,1,0,0,1,Mål OCH resurs,"100,0%","0,0%","0,0%","100,0%","−100,0%","−100,0%"
Valdemarsvik,246,"−0,1",Under,7 873,Blocköverskridande,Större städer och kommuner nära större stad,2,Mål och Budget,4,4,0,2,4,Endast Målsättning,"100,0%","0,0%","33,3%","66,7%","−100,0%","−33,3%"
Vallentuna,247,"−0,9",Under,34 090,Borgerligt,Storstäder och storstadsnära kommuner,1,Kommunplan,1,1,0,1,0,Endast Målsättning,"100,0%","0,0%","100,0%","0,0%","−100,0%","100,0%"
Vansbro,248,"−7,3",Under,6 805,Borgerligt,Mindre städer/tätorter och landsbygdskommuner,3,Strategisk plan och Budget,1,1,0,0,1,Endast Målsättning,"100,0%","0,0%","0,0%","100,0%","−100,0%","−100,0%"
Vara,249,"−1,1",Under,16 024,Borgerligt,Mindre städer/tätorter och landsbygdskommuner,3,Strategisk plan och Budget,19,11,0,4,11,Mål OCH resurs,"100,0%","0,0%","26,7%","73,3%","−100,0%","−46,7%"
Varberg,250,"0,5",Över,64 601,Borgerligt,Mindre städer/tätorter och landsbygdskommuner,3,Mål och inriktning,2,4,4,2,6,Endast Målsättning,"50,0%","50,0%","25,0%","75,0%","0,0%","−50,0%"
Vaxholm,251,"−1,1",Under,12 003,Blocköverskridande,Storstäder och storstadsnära kommuner,1,Mål och Budget,11,11,0,7,11,Mål OCH resurs,"100,0%","0,0%","38,9%","61,1%","−100,0%","−22,2%"
Vellinge,252,"4,3",Över,36 628,Borgerligt,Storstäder och storstadsnära kommuner,1,Budget,9,7,0,5,4,Mål OCH resurs,"100,0%","0,0%","55,6%","44,4%","−100,0%","11,1%"
Vetlanda,253,"0,4",Över,27 466,Blocköverskridande,Mindre städer/tätorter och landsbygdskommuner,3,Mål och Budget,14,11,6,5,14,Endast Målsättning,"64,7%","35,3%","26,3%","73,7%","−29,4%","−47,4%"
Vilhelmina,254,"2,0",Över,6 668,Borgerligt,Mindre städer/tätorter och landsbygdskommuner,3,Årsredovisning,0,0,0,0,0,Bortfall 1 (Ej dokument),,,,,,
Vimmerby,255,"3,8",Över,15 647,Borgerligt,Mindre städer/tätorter och landsbygdskommuner,3,Budget,0,0,0,0,0,Bortfall 3,,,,,,
Vindeln,256,"0,2",Över,5 423,Blocköverskridande,Större städer och kommuner nära större stad,2,Översiktsplan,0,0,0,0,0,Bortfall 3,,,,,,
Vingåker,257,"0,2",Över,9 111,Blocköverskridande,Mindre städer/tätorter och landsbygdskommuner,3,Kommunplan med Budget,0,0,0,0,0,Bortfall 3,,,,,,
Vårgårda,258,"0,0",Över,11 810,Borgerligt,Mindre städer/tätorter och landsbygdskommuner,3,Budget och Verksamhetsplan,11,7,0,2,7,Endast Målsättning,"100,0%","0,0%","22,2%","77,8%","−100,0%","−55,6%"
Vänersborg,259,"0,0",Under,39 591,Blocköverskridande,Större städer och kommuner nära större stad,2,Mål och Resursplan,4,5,0,2,5,Endast Målsättning,"100,0%","0,0%","28,6%","71,4%","−100,0%","−42,9%"
Vännäs,260,"0,9",Över,8 872,Blocköverskridande,Större städer och kommuner nära större stad,2,Budget och Verksamhetsplan,4,1,0,1,1,Mål OCH resurs,"100,0%","0,0%","50,0%","50,0%","−100,0%","0,0%"
Värmdö,261,"−0,9",Under,45 000,Borgerligt,Storstäder och storstadsnära kommuner,1,Mål och Budget,21,9,1,5,7,Mål OCH resurs,"90,0%","10,0%","41,7%","58,3%","−80,0%","−16,7%"
Värnamo,262,"0,5",Över,34 560,Borgerligt,Mindre städer/tätorter och landsbygdskommuner,3,Budget ,1,2,1,0,2,Endast Målsättning,"66,7%","33,3%","0,0%","100,0%","−33,3%","−100,0%"
Västervik,263,"1,2",Över,36 679,Blocköverskridande,Mindre städer/tätorter och landsbygdskommuner,3,Budget,12,2,1,1,3,Mål OCH resurs,"66,7%","33,3%","25,0%","75,0%","−33,3%","−50,0%"
Västerås,264,"2,6",Över,154 049,Blocköverskridande,Större städer och kommuner nära större stad,2,Årsplan,5,6,2,2,6,Endast Målsättning,"75,0%","25,0%","25,0%","75,0%","−50,0%","−50,0%"
Växjö,265,"4,0",Över,94 129,Borgerligt,Större städer och kommuner nära större stad,2,Budget,7,9,0,2,8,Mål OCH resurs,"100,0%","0,0%","20,0%","80,0%","−100,0%","−60,0%"
Ydre,266,"0,4",Över,3 747,Blocköverskridande,Mindre städer/tätorter och landsbygdskommuner,3,Budget,10,1,0,1,1,Endast Målsättning,"100,0%","0,0%","50,0%","50,0%","−100,0%","0,0%"
Ystad,267,"1,6",Över,30 541,Borgerligt,Mindre städer/tätorter och landsbygdskommuner,3,Årsbudget,9,10,0,5,10,Mål OCH resurs,"100,0%","0,0%","33,3%","66,7%","−100,0%","−33,3%"
Åmål,268,"0,3",Över,12 610,Vänster,Mindre städer/tätorter och landsbygdskommuner,3,Årsredovisning,0,0,0,0,0,Bortfall 1 (Ej dokument),,,,,,
Ånge,269,"0,8",Över,9 316,Vänster,Mindre städer/tätorter och landsbygdskommuner,3,Budget,1,3,0,0,3,Mål OCH resurs,"100,0%","0,0%","0,0%","100,0%","−100,0%","−100,0%"
Åre,270,"0,6",Över,11 727,Borgerligt,Mindre städer/tätorter och landsbygdskommuner,3,Utvecklingsplan,0,0,0,0,0,Bortfall 3,,,,,,
Årjäng,271,"2,4",Över,10 070,Blocköverskridande,Mindre städer/tätorter och landsbygdskommuner,3,Budget,1,1,0,0,1,Endast Målsättning,"100,0%","0,0%","0,0%","100,0%","−100,0%","−100,0%"
Åsele,272,"0,2",Över,2 794,Vänster,Mindre städer/tätorter och landsbygdskommuner,3,Budget,5,3,1,0,3,Endast Målsättning,"75,0%","25,0%","0,0%","100,0%","−50,0%","−100,0%"
Åstorp,273,"0,3",Över,15 940,Blocköverskridande,Större städer och kommuner nära större stad,2,Budget,2,1,0,0,1,Mål OCH resurs,"100,0%","0,0%","0,0%","100,0%","−100,0%","−100,0%"
Åtvidaberg,274,"−0,2",Under,11 503,Blocköverskridande,Större städer och kommuner nära större stad,2,Budget,0,0,0,0,0,Bortfall 3,,,,,,
Älmhult,275,"0,0",Under,17 651,Borgerligt,Mindre städer/tätorter och landsbygdskommuner,3,Budget,1,0,0,0,0,Bortfall 4,,,,,,
Älvdalen,276,"0,4",Över,7 031,Blocköverskridande,Mindre städer/tätorter och landsbygdskommuner,3,Kommunplan,1,0,0,0,0,Bortfall 4,,,,,,
Älvkarleby,277,"0,0",Över,9 457,Blocköverskridande,Större städer och kommuner nära större stad,2,Budget,2,1,0,1,0,Endast Målsättning,"100,0%","0,0%","100,0%","0,0%","−100,0%","100,0%"
Älvsbyn,278,"0,0",Över,8 066,Vänster,Större städer och kommuner nära större stad,2,Strategisk Plan,0,0,0,0,0,Bortfall 3,,,,,,
Ängelholm,279,"1,5",Över,42 476,Borgerligt,Större städer och kommuner nära större stad,2,Budget,13,11,4,9,13,Mål OCH resurs,"73,3%","26,7%","40,9%","59,1%","−46,7%","−18,2%"
Öckerö,280,"−0,1",Under,12 916,Borgerligt,Storstäder och storstadsnära kommuner,1,Budget,2,2,1,0,2,Endast Målsättning,"66,7%","33,3%","0,0%","100,0%","−33,3%","−100,0%"
Ödeshög,281,"−0,4",Under,5 337,Blocköverskridande,Mindre städer/tätorter och landsbygdskommuner,3,Planeringsdirektiv,7,3,2,2,5,Endast Målsättning,"60,0%","40,0%","28,6%","71,4%","−20,0%","−42,9%"
Örebro,282,"5,7",Över,155 696,Blocköverskridande,Större städer och kommuner nära större stad,2,Övergripande Strategier och Budget,9,6,3,3,6,Endast Målsättning,"66,7%","33,3%","33,3%","66,7%","−33,3%","−33,3%"
Örkelljunga,283,"5,7",Över,10 280,Borgerligt,Större städer och kommuner nära större stad,2,Budget,0,0,0,0,0,Bortfall 3,,,,,,
Örnsköldsvik,284,"0,2",Över,55 998,Vänster,Mindre städer/tätorter och landsbygdskommuner,3,Budget,6,5,0,5,3,Endast Målsättning,"100,0%","0,0%","62,5%","37,5%","−100,0%","25,0%"
Östersund,285,"3,1",Över,63 779,Borgerligt,Större städer och kommuner nära större stad,2,Mål och Budget,4,6,0,4,3,Endast Målsättning,"100,0%","0,0%","57,1%","42,9%","−100,0%","14,3%"
Österåker,286,"3,2",Över,45 574,Borgerligt,Storstäder och storstadsnära kommuner,1,Verksamhetsplan,8,3,1,1,3,Mål OCH resurs,"75,0%","25,0%","25,0%","75,0%","−50,0%","−50,0%"
Östhammar,287,"0,2",Över,22 250,Blocköverskridande,Större städer och kommuner nära större stad,2,Årsbudget,16,7,5,8,7,Mål OCH resurs,"58,3%","41,7%","53,3%","46,7%","−16,7%","6,7%"
Östra Göinge,288,"1,1",Över,15 007,Borgerligt,Mindre städer/tätorter och landsbygdskommuner,3,Mål och Resultatplan,5,4,0,3,5,Mål OCH resurs,"100,0%","0,0%","37,5%","62,5%","−100,0%","−25,0%"
Överkalix,289,"0,1",Över,3 315,Vänster,Mindre städer/tätorter och landsbygdskommuner,3,Årsbudget,7,4,0,1,3,Endast Målsättning,"100,0%","0,0%","25,0%","75,0%","−100,0%","−50,0%"
Övertorneå,290,"3,9",Över,4 299,Blocköverskridande,Mindre städer/tätorter och landsbygdskommuner,3,Budget,2,3,0,2,1,Endast Målsättning,"100,0%","0,0%","66,7%","33,3%","−100,0%","33,3%"